,in_filename,bit_exposed_in_10k,QBER,fvals,rvals
0,./temp/Q049.input,6870,0.049,2.377944666091307,0.6708984375
1,./temp/Q0266.input,4060,0.0266,2.239476346134188,0.396484375
2,./temp/Q0439.input,6190,0.0439,2.32589753881454,0.6044921875
3,./temp/Q0243.input,4252,0.0243,2.5173879808909048,0.415234375
4,./temp/Q0277.input,4510,0.0277,2.410368581289115,0.4404296875
5,./temp/Q0336.input,5324,0.0336,2.4508873948681,0.519921875
